-- phpMyAdmin SQL Dump
-- version 5.2.1
-- https://www.phpmyadmin.net/
--
-- Hôte : 127.0.0.1
-- Généré le : mer. 26 mars 2025 à 17:18
-- Version du serveur : 10.4.32-MariaDB
-- Version de PHP : 8.2.12

SET SQL_MODE = "NO_AUTO_VALUE_ON_ZERO";
START TRANSACTION;
SET time_zone = "+00:00";


/*!40101 SET @OLD_CHARACTER_SET_CLIENT=@@CHARACTER_SET_CLIENT */;
/*!40101 SET @OLD_CHARACTER_SET_RESULTS=@@CHARACTER_SET_RESULTS */;
/*!40101 SET @OLD_COLLATION_CONNECTION=@@COLLATION_CONNECTION */;
/*!40101 SET NAMES utf8mb4 */;

--
-- Base de données : `entite`
--

DELIMITER $$
--
-- Procédures
--
CREATE DEFINER=`root`@`localhost` PROCEDURE `AddTimestampsToAllTables` ()   BEGIN
    DECLARE done INT DEFAULT FALSE;
    DECLARE tableName VARCHAR(255);
    DECLARE cur CURSOR FOR 
        SELECT table_name FROM information_schema.tables 
        WHERE table_schema = DATABASE(); -- Sélectionne toutes les tables de la base actuelle

    DECLARE CONTINUE HANDLER FOR NOT FOUND SET done = TRUE;

    OPEN cur;
    read_loop: LOOP
        FETCH cur INTO tableName;
        IF done THEN
            LEAVE read_loop;
        END IF;

        SET @sql = CONCAT('ALTER TABLE ', tableName, 
                          ' ADD COLUMN created_at TIMESTAMP DEFAULT CURRENT_TIMESTAMP,',
                          ' ADD COLUMN updated_at TIMESTAMP DEFAULT CURRENT_TIMESTAMP ON UPDATE CURRENT_TIMESTAMP;');

        PREPARE stmt FROM @sql;
        EXECUTE stmt;
        DEALLOCATE PREPARE stmt;
    END LOOP;

    CLOSE cur;
END$$

DELIMITER ;

-- --------------------------------------------------------

--
-- Structure de la table `annee_academique`
--

CREATE TABLE `annee_academique` (
  `id` int(11) NOT NULL,
  `annee` varchar(10) NOT NULL,
  `created_at` timestamp NOT NULL DEFAULT current_timestamp(),
  `updated_at` timestamp NOT NULL DEFAULT current_timestamp() ON UPDATE current_timestamp()
) ENGINE=InnoDB DEFAULT CHARSET=utf8mb4 COLLATE=utf8mb4_general_ci;

--
-- Déchargement des données de la table `annee_academique`
--

INSERT INTO `annee_academique` (`id`, `annee`, `created_at`, `updated_at`) VALUES
(1, '2023-2024', '2025-03-26 06:40:42', '2025-03-26 06:40:42'),
(2, '2024-2025', '2025-03-26 06:40:42', '2025-03-26 06:40:42');

-- --------------------------------------------------------

--
-- Structure de la table `annee_etude`
--

CREATE TABLE `annee_etude` (
  `id` int(11) NOT NULL,
  `code` varchar(20) NOT NULL,
  `niveau` int(11) NOT NULL,
  `filiere_id` int(11) DEFAULT NULL,
  `grade_id` int(11) DEFAULT NULL,
  `created_at` timestamp NOT NULL DEFAULT current_timestamp(),
  `updated_at` timestamp NOT NULL DEFAULT current_timestamp() ON UPDATE current_timestamp()
) ENGINE=InnoDB DEFAULT CHARSET=utf8mb4 COLLATE=utf8mb4_general_ci;

--
-- Déchargement des données de la table `annee_etude`
--

INSERT INTO `annee_etude` (`id`, `code`, `niveau`, `filiere_id`, `grade_id`, `created_at`, `updated_at`) VALUES
(1, 'GL_Licence_1', 1, 1, 1, '2025-03-26 06:40:42', '2025-03-26 06:40:42'),
(2, 'GL_Licence_2', 2, 1, 1, '2025-03-26 06:40:42', '2025-03-26 06:40:42'),
(3, 'GL_Licence_3', 3, 1, 1, '2025-03-26 06:40:42', '2025-03-26 06:40:42'),
(4, 'GL_Master_1', 1, 1, 2, '2025-03-26 06:40:42', '2025-03-26 06:40:42'),
(5, 'IM_Licence_1', 1, 2, 1, '2025-03-26 06:40:42', '2025-03-26 06:40:42'),
(6, 'SI_Licence_2', 2, 2, 1, '2025-03-26 06:40:42', '2025-03-26 06:40:42'),
(7, 'SI_Licence_3', 3, 2, 1, '2025-03-26 06:40:42', '2025-03-26 06:40:42'),
(8, 'SI_Master_1', 1, 2, 2, '2025-03-26 06:40:42', '2025-03-26 06:40:42'),
(9, 'SI_Master_2', 2, 2, 2, '2025-03-26 06:40:42', '2025-03-26 06:40:42'),
(10, 'GL_Master_2', 2, 1, 2, '2025-03-26 06:40:42', '2025-03-26 06:40:42');

-- --------------------------------------------------------

--
-- Structure de la table `ecue`
--

CREATE TABLE `ecue` (
  `id` int(11) NOT NULL,
  `code` varchar(100) NOT NULL,
  `nom` varchar(100) NOT NULL,
  `ue_id` int(11) DEFAULT NULL,
  `enseignant_id` int(11) DEFAULT NULL,
  `created_at` timestamp NOT NULL DEFAULT current_timestamp(),
  `updated_at` timestamp NOT NULL DEFAULT current_timestamp() ON UPDATE current_timestamp()
) ENGINE=InnoDB DEFAULT CHARSET=utf8mb4 COLLATE=utf8mb4_general_ci;

--
-- Déchargement des données de la table `ecue`
--

INSERT INTO `ecue` (`id`, `code`, `nom`, `ue_id`, `enseignant_id`, `created_at`, `updated_at`) VALUES
(10, 'EC101', 'Algèbre Linéaire', 1, 1, '2025-03-26 06:40:42', '2025-03-26 06:40:42'),
(11, 'EC102', 'Analyse Mathématique', 1, 1, '2025-03-26 06:40:42', '2025-03-26 06:40:42'),
(12, 'EC103', 'Programmation C', 2, 5, '2025-03-26 06:40:42', '2025-03-26 06:40:42'),
(13, 'EC104', 'Structures de Données', 2, 5, '2025-03-26 06:40:42', '2025-03-26 06:40:42'),
(14, 'EC105', 'Introduction à la Microéconomie', 3, 6, '2025-03-26 06:40:42', '2025-03-26 06:40:42'),
(15, 'EC106', 'Mécanique Générale', 4, 2, '2025-03-26 06:40:42', '2025-03-26 06:40:42'),
(16, 'EC107', 'Optique Géométrique', 4, 2, '2025-03-26 06:40:42', '2025-03-26 06:40:42'),
(17, 'EC108', 'Statistiques Descriptives', 5, 6, '2025-03-26 06:40:42', '2025-03-26 06:40:42'),
(18, 'EC109', 'Expression Écrite et Orale', 6, 8, '2025-03-26 06:40:42', '2025-03-26 06:40:42'),
(19, 'EC201', 'Modélisation des BD', 7, 5, '2025-03-26 06:40:42', '2025-03-26 06:40:42'),
(20, 'EC202', 'SQL et Normalisation', 7, 5, '2025-03-26 06:40:42', '2025-03-26 06:40:42'),
(21, 'EC203', 'Équations Différentielles', 8, 1, '2025-03-26 06:40:42', '2025-03-26 06:40:42'),
(22, 'EC204', 'Comptabilité Analytique', 9, 6, '2025-03-26 06:40:42', '2025-03-26 06:40:42'),
(23, 'EC205', 'Circuits Logiques', 10, 2, '2025-03-26 06:40:42', '2025-03-26 06:40:42'),
(24, 'EC206', 'Introduction au Droit', 11, 7, '2025-03-26 06:40:42', '2025-03-26 06:40:42'),
(25, 'EC207', 'Anglais Professionnel', 12, 8, '2025-03-26 06:40:42', '2025-03-26 06:40:42'),
(26, 'EC301', 'Méthodologie UML', 13, 5, '2025-03-26 06:40:42', '2025-03-26 06:40:42'),
(27, 'EC302', 'Programmation Objet', 13, 5, '2025-03-26 06:40:42', '2025-03-26 06:40:42'),
(28, 'EC303', 'Architecture Réseaux', 14, 5, '2025-03-26 06:40:42', '2025-03-26 06:40:42'),
(29, 'EC304', 'Économie Monétaire', 15, 6, '2025-03-26 06:40:42', '2025-03-26 06:40:42'),
(30, 'EC305', 'Systèmes UNIX/Linux', 16, 5, '2025-03-26 06:40:42', '2025-03-26 06:40:42'),
(31, 'EC306', 'Tests Statistiques', 17, 1, '2025-03-26 06:40:42', '2025-03-26 06:40:42'),
(32, 'EC307', 'Négociation et Leadership', 18, 9, '2025-03-26 06:40:42', '2025-03-26 06:40:42'),
(33, 'EC401', 'Machine Learning', 19, 5, '2025-03-26 06:40:42', '2025-03-26 06:40:42'),
(34, 'EC402', 'Réseaux Sécurisés', 20, 5, '2025-03-26 06:40:42', '2025-03-26 06:40:42'),
(35, 'EC403', 'Gestion Agile', 21, 6, '2025-03-26 06:40:42', '2025-03-26 06:40:42'),
(36, 'EC404', 'Cryptanalyse', 22, 5, '2025-03-26 06:40:42', '2025-03-26 06:40:42'),
(37, 'EC405', 'E-Commerce et Digitalisation', 23, 6, '2025-03-26 06:40:42', '2025-03-26 06:40:42'),
(38, 'EC406', 'Frameworks JS (React, Vue)', 24, 5, '2025-03-26 06:40:42', '2025-03-26 06:40:42'),
(39, 'EC501', 'Data Mining', 25, 5, '2025-03-26 06:40:42', '2025-03-26 06:40:42'),
(40, 'EC502', 'Virtualisation', 26, 5, '2025-03-26 06:40:42', '2025-03-26 06:40:42'),
(41, 'EC503', 'Administration Systèmes', 27, 5, '2025-03-26 06:40:42', '2025-03-26 06:40:42'),
(42, 'EC504', 'Droit Numérique', 28, 7, '2025-03-26 06:40:42', '2025-03-26 06:40:42'),
(43, 'EC505', 'Audit Financier', 29, 6, '2025-03-26 06:40:42', '2025-03-26 06:40:42'),
(44, 'EC506', 'Business Model Canvas', 30, 9, '2025-03-26 06:40:42', '2025-03-26 06:40:42'),
(45, 'EC601', 'Smart Contracts', 31, 5, '2025-03-26 06:40:42', '2025-03-26 06:40:42'),
(46, 'EC602', 'Sécurité Offensive', 32, 5, '2025-03-26 06:40:42', '2025-03-26 06:40:42'),
(47, 'EC603', 'Innovation Technologique', 33, 5, '2025-03-26 06:40:42', '2025-03-26 06:40:42'),
(48, 'EC604', 'Éthique et Vie Privée', 34, 10, '2025-03-26 06:40:42', '2025-03-26 06:40:42'),
(49, 'EC605', 'Marketing Digital', 35, 6, '2025-03-26 06:40:42', '2025-03-26 06:40:42'),
(50, 'EC606', 'Rédaction du Mémoire', 36, 8, '2025-03-26 06:40:42', '2025-03-26 06:40:42');

-- --------------------------------------------------------

--
-- Structure de la table `enseignant`
--

CREATE TABLE `enseignant` (
  `id` int(11) NOT NULL,
  `nom` varchar(100) NOT NULL,
  `prenom` varchar(100) NOT NULL,
  `email` varchar(100) NOT NULL,
  `telephone` varchar(15) DEFAULT NULL,
  `specialite` varchar(100) NOT NULL,
  `created_at` timestamp NOT NULL DEFAULT current_timestamp(),
  `updated_at` timestamp NOT NULL DEFAULT current_timestamp() ON UPDATE current_timestamp()
) ENGINE=InnoDB DEFAULT CHARSET=utf8mb4 COLLATE=utf8mb4_general_ci;

--
-- Déchargement des données de la table `enseignant`
--

INSERT INTO `enseignant` (`id`, `nom`, `prenom`, `email`, `telephone`, `specialite`, `created_at`, `updated_at`) VALUES
(1, 'ADJOVI', 'Jean', 'jean.adjovi@example.com', '22961000001', 'Mathématiques Appliquées', '2025-03-26 06:40:42', '2025-03-26 06:40:42'),
(2, 'HOUNGBÉDJI', 'Alice', 'alice.houngbedji@example.com', '22961000002', 'Physique Quantique', '2025-03-26 06:40:42', '2025-03-26 06:40:42'),
(3, 'TOSSOU', 'Bernard', 'bernard.tossou@example.com', '22961000003', 'Chimie Organique', '2025-03-26 06:40:42', '2025-03-26 06:40:42'),
(4, 'GNACADJA', 'Clémentine', 'clementine.gnacadja@example.com', '22961000004', 'Biologie Moléculaire', '2025-03-26 06:40:42', '2025-03-26 06:40:42'),
(5, 'AGOSSOU', 'David', 'david.agossou@example.com', '22961000005', 'Intelligence Artificielle', '2025-03-26 06:40:42', '2025-03-26 06:40:42'),
(6, 'ZINSOU', 'Estelle', 'estelle.zinsou@example.com', '22961000006', 'Économie et Finance', '2025-03-26 06:40:42', '2025-03-26 06:40:42'),
(7, 'AHOLLOU', 'Franck', 'franck.ahollou@example.com', '22961000007', 'Droit International', '2025-03-26 06:40:42', '2025-03-26 06:40:42'),
(8, 'GUÉDÉGBÉ', 'Grace', 'grace.guedegbe@example.com', '22961000008', 'Histoire des Civilisations', '2025-03-26 06:40:42', '2025-03-26 06:40:42'),
(9, 'AVOCÈ', 'Henri', 'henri.avoce@example.com', '22961000009', 'Philosophie Politique', '2025-03-26 06:40:42', '2025-03-26 06:40:42'),
(10, 'HOUNKPATI', 'Isabelle', 'isabelle.hounkpati@example.com', '22961000010', 'Sociologie du Développement', '2025-03-26 06:40:42', '2025-03-26 06:40:42');

-- --------------------------------------------------------

--
-- Structure de la table `etudiant`
--

CREATE TABLE `etudiant` (
  `matricule` varchar(20) NOT NULL,
  `nom` varchar(100) NOT NULL,
  `prenom` varchar(100) NOT NULL,
  `date_naissance` date NOT NULL,
  `sexe` enum('M','F') NOT NULL,
  `email` varchar(100) NOT NULL,
  `telephone` varchar(15) DEFAULT NULL,
  `code` int(11) NOT NULL DEFAULT 12345,
  `created_at` timestamp NOT NULL DEFAULT current_timestamp(),
  `updated_at` timestamp NOT NULL DEFAULT current_timestamp() ON UPDATE current_timestamp()
) ENGINE=InnoDB DEFAULT CHARSET=utf8mb4 COLLATE=utf8mb4_general_ci;

--
-- Déchargement des données de la table `etudiant`
--

INSERT INTO `etudiant` (`matricule`, `nom`, `prenom`, `date_naissance`, `sexe`, `email`, `telephone`, `code`, `created_at`, `updated_at`) VALUES
('10012345', 'DIARRA', 'Chloé Marie', '2001-10-30', 'F', 'chloe.diara@gmail.com', '+229 0102030406', 12345, '2025-03-26 06:40:42', '2025-03-26 06:40:42'),
('10012398', 'SISSE', 'Léa Mariama', '2000-08-19', 'F', 'lea.sisse@gmail.com', '+229 0203040508', 12345, '2025-03-26 06:40:42', '2025-03-26 06:40:42'),
('10012399', 'DAOUDA', 'Sarah Mariame', '1999-06-08', 'F', 'sarah.daouda@gmail.com', '+229 0304050610', 12345, '2025-03-26 06:40:42', '2025-03-26 06:40:42'),
('10120400', 'MALIK', 'François Kader', '1999-09-24', 'M', 'francois.malik@gmail.com', '+229 0304050609', 12345, '2025-03-26 06:40:42', '2025-03-26 06:40:42'),
('10123400', 'FOFANA', 'Nicolas Michel', '2000-11-04', 'M', 'nicolas.fofana@gmail.com', '+229 0203040507', 12345, '2025-03-26 06:40:42', '2025-03-26 06:40:42'),
('10123456', 'KOUASSI', 'Jean Pierre', '2000-01-15', 'M', 'jean.kouassi@gmail.com', '+229 0102030405', 12345, '2025-03-26 06:40:42', '2025-03-26 06:40:42'),
('10234510', 'TRAORE', 'Marie Claire', '1999-12-09', 'F', 'marie.traore@gmail.com', '+229 0304050608', 12345, '2025-03-26 06:40:42', '2025-03-26 06:40:42'),
('10234511', 'DIABATE', 'Alice Binta', '2001-10-29', 'F', 'alice.diabate@gmail.com', '+229 0405060710', 12345, '2025-03-26 06:40:42', '2025-03-26 06:40:42'),
('10234567', 'ADJAHO', 'Sophie Marguerite', '2000-02-20', 'F', 'sophie.adjaho@gmail.com', '+229 0203040506', 12345, '2025-03-26 06:40:42', '2025-03-26 06:40:42'),
('10345621', 'TOURE', 'Antoine Kouadio', '2000-01-14', 'M', 'antoine.toure@gmail.com', '+229 0405060709', 12345, '2025-03-26 06:40:42', '2025-03-26 06:40:42'),
('10345622', 'KATENDE', 'Louis Kalifa', '2000-11-03', 'M', 'louis.katende@gmail.com', '+229 0506070811', 12345, '2025-03-26 06:40:42', '2025-03-26 06:40:42'),
('10345678', 'DIOP', 'Pierre Alain', '1999-03-25', 'M', 'pierre.diop@gmail.com', '+229 0304050607', 12345, '2025-03-26 06:40:42', '2025-03-26 06:40:42'),
('10456732', 'KONE', 'Laura Salima', '2000-02-19', 'F', 'laura.kone@gmail.com', '+229 0506070810', 12345, '2025-03-26 06:40:42', '2025-03-26 06:40:42'),
('10456733', 'KIMBA', 'Camille Kadiatu', '1999-12-08', 'F', 'camille.kimba@gmail.com', '+229 0607080912', 12345, '2025-03-26 06:40:42', '2025-03-26 06:40:42'),
('10456789', 'NGUESSAN', 'Claire Mélanie', '2001-04-30', 'F', 'claire.nguessan@gmail.com', '+229 0405060708', 12345, '2025-03-26 06:40:42', '2025-03-26 06:40:42'),
('10567843', 'OUEDRAOGO', 'Alexandre Moussa', '1999-03-24', 'M', 'alexandre.ouedraogo@gmail.com', '+229 0607080911', 12345, '2025-03-26 06:40:42', '2025-03-26 06:40:42'),
('10567844', 'FENI', 'Etienne Saliou', '2000-01-13', 'M', 'etienne.feni@gmail.com', '+229 0708091013', 12345, '2025-03-26 06:40:42', '2025-03-26 06:40:42'),
('10567890', 'KAMARA', 'Lucas Antoine', '2000-05-05', 'M', 'lucas.kamara@gmail.com', '+229 0506070809', 12345, '2025-03-26 06:40:42', '2025-03-26 06:40:42'),
('10678901', 'MBOGO', 'Emma Nadia', '1999-06-10', 'F', 'emma.mbogo@gmail.com', '+229 0607080910', 12345, '2025-03-26 06:40:42', '2025-03-26 06:40:42'),
('10678954', 'SANOGO', 'Justine Mamou', '2001-04-29', 'F', 'justine.sanogo@gmail.com', '+229 0708091012', 12345, '2025-03-26 06:40:42', '2025-03-26 06:40:42'),
('10678955', 'TRAORE', 'Élodie Souad', '2000-02-18', 'F', 'elodie.traore@gmail.com', '+229 0809101114', 12345, '2025-03-26 06:40:42', '2025-03-26 06:40:42'),
('10789012', 'SOW', 'Thomas Benjamin', '2000-07-15', 'M', 'thomas.sow@gmail.com', '+229 0708091011', 12345, '2025-03-26 06:40:42', '2025-03-26 06:40:42'),
('10789065', 'COULIBALY', 'Martin Mahmoud', '2000-05-04', 'M', 'martin.coulibaly@gmail.com', '+229 0809101113', 12345, '2025-03-26 06:40:42', '2025-03-26 06:40:42'),
('10789066', 'KOUYATE', 'Maxime Kamal', '1999-03-23', 'M', 'maxime.kouyate@gmail.com', '+229 0901011123', 12345, '2025-03-26 06:40:42', '2025-03-26 06:40:42'),
('10890123', 'SACKO', 'Alice Rose', '2000-08-20', 'F', 'alice.sacko@gmail.com', '+229 0809101112', 12345, '2025-03-26 06:40:42', '2025-03-26 06:40:42'),
('10890176', 'N’DIAYE', 'Juliette Rama', '1999-06-09', 'F', 'juliette.ndiaye@gmail.com', '+229 0901011122', 12345, '2025-03-26 06:40:42', '2025-03-26 06:40:42'),
('10890177', 'YAO', 'Lucie Sanou', '2001-04-28', 'F', 'lucie.yao@gmail.com', '+229 0102030408', 12345, '2025-03-26 06:40:42', '2025-03-26 06:40:42'),
('10901234', 'KOUADIO', 'Julien Laurent', '1999-09-25', 'M', 'julien.kouadio@gmail.com', '+229 0901011121', 12345, '2025-03-26 06:40:42', '2025-03-26 06:40:42'),
('10901287', 'BA', 'Victor Koulibaly', '2000-07-14', 'M', 'victor.ba@gmail.com', '+229 0102030407', 12345, '2025-03-26 06:40:42', '2025-03-26 06:40:42');

-- --------------------------------------------------------

--
-- Structure de la table `filiere`
--

CREATE TABLE `filiere` (
  `id` int(11) NOT NULL,
  `code` varchar(100) NOT NULL,
  `nom` varchar(100) DEFAULT NULL,
  `mention` varchar(100) DEFAULT NULL,
  `domaine` varchar(100) NOT NULL,
  `created_at` timestamp NOT NULL DEFAULT current_timestamp(),
  `updated_at` timestamp NOT NULL DEFAULT current_timestamp() ON UPDATE current_timestamp()
) ENGINE=InnoDB DEFAULT CHARSET=utf8mb4 COLLATE=utf8mb4_general_ci;

--
-- Déchargement des données de la table `filiere`
--

INSERT INTO `filiere` (`id`, `code`, `nom`, `mention`, `domaine`, `created_at`, `updated_at`) VALUES
(1, 'GL', 'Génie Logiciel', 'Informatique', 'Science et Technologie', '2025-03-26 06:40:42', '2025-03-26 06:40:42'),
(2, 'SI', 'Sécurité Informatique', 'Informatique', 'Science et Technologie', '2025-03-26 06:40:42', '2025-03-26 06:40:42'),
(3, 'IM', 'Internet et Multimédia', 'Informatique', 'Science et Technologie', '2025-03-26 06:40:42', '2025-03-26 06:40:42');

-- --------------------------------------------------------

--
-- Structure de la table `grade`
--

CREATE TABLE `grade` (
  `id` int(11) NOT NULL,
  `nom` varchar(50) NOT NULL,
  `created_at` timestamp NOT NULL DEFAULT current_timestamp(),
  `updated_at` timestamp NOT NULL DEFAULT current_timestamp() ON UPDATE current_timestamp()
) ENGINE=InnoDB DEFAULT CHARSET=utf8mb4 COLLATE=utf8mb4_general_ci;

--
-- Déchargement des données de la table `grade`
--

INSERT INTO `grade` (`id`, `nom`, `created_at`, `updated_at`) VALUES
(1, 'Licence', '2025-03-26 06:40:42', '2025-03-26 06:40:42'),
(2, 'Master', '2025-03-26 06:40:42', '2025-03-26 06:40:42');

-- --------------------------------------------------------

--
-- Structure de la table `membre_administratif`
--

CREATE TABLE `membre_administratif` (
  `id` int(11) NOT NULL,
  `nom` varchar(100) NOT NULL,
  `prenom` varchar(100) NOT NULL,
  `email` varchar(100) NOT NULL,
  `mot_de_passe` varchar(255) NOT NULL,
  `role` enum('Admin','Secrétaire','Enseignant') NOT NULL,
  `created_at` timestamp NOT NULL DEFAULT current_timestamp(),
  `updated_at` timestamp NOT NULL DEFAULT current_timestamp() ON UPDATE current_timestamp()
) ENGINE=InnoDB DEFAULT CHARSET=utf8mb4 COLLATE=utf8mb4_general_ci;

--
-- Déchargement des données de la table `membre_administratif`
--

INSERT INTO `membre_administratif` (`id`, `nom`, `prenom`, `email`, `mot_de_passe`, `role`, `created_at`, `updated_at`) VALUES
(1, 'DJEGO', 'Marie-Julio', 'mariejuliobricedjego@gmail.com', '$2b$12$gj9thKNn5M1W7Gc1LuBNX.rVKfXh2bsYurn7tN8It3/yMT.3/RLwW', 'Admin', '2025-03-26 06:40:42', '2025-03-26 06:40:42'),
(3, 'testmail', 'Testmail', 'mariejuliobricedjego2@gmail.com', '$2b$12$rFZ1F1ybBcdb7TgKZ8b4I..U0fcyGo8SIRYEZLJPhcL7mQHm9hoEu', 'Enseignant', '2025-03-26 06:40:42', '2025-03-26 06:40:42');

-- --------------------------------------------------------

--
-- Structure de la table `moyenne_ue`
--

CREATE TABLE `moyenne_ue` (
  `id` int(11) NOT NULL,
  `etudiant_matricule` varchar(20) DEFAULT NULL,
  `ue_id` int(11) DEFAULT NULL,
  `annee_academique_id` int(11) DEFAULT NULL,
  `moyenne` decimal(5,2) DEFAULT NULL CHECK (`moyenne` between 0 and 20),
  `verdict` enum('Validé','Non validé') NOT NULL,
  `created_at` timestamp NOT NULL DEFAULT current_timestamp(),
  `updated_at` timestamp NOT NULL DEFAULT current_timestamp() ON UPDATE current_timestamp()
) ENGINE=InnoDB DEFAULT CHARSET=utf8mb4 COLLATE=utf8mb4_general_ci;

--
-- Déchargement des données de la table `moyenne_ue`
--

INSERT INTO `moyenne_ue` (`id`, `etudiant_matricule`, `ue_id`, `annee_academique_id`, `moyenne`, `verdict`, `created_at`, `updated_at`) VALUES
(1, '10012345', 1, 1, 12.75, 'Validé', '2025-03-26 06:40:42', '2025-03-26 06:40:42'),
(2, '10012345', 2, 1, 12.75, 'Validé', '2025-03-26 06:40:42', '2025-03-26 06:40:42'),
(3, '10012345', 3, 1, 15.50, 'Validé', '2025-03-26 06:40:42', '2025-03-26 06:40:42'),
(4, '10012345', 4, 1, 11.00, 'Non validé', '2025-03-26 06:40:42', '2025-03-26 06:40:42'),
(5, '10012345', 5, 1, 16.50, 'Validé', '2025-03-26 06:40:42', '2025-03-26 06:40:42'),
(6, '10012345', 6, 1, 14.00, 'Validé', '2025-03-26 06:40:42', '2025-03-26 06:40:42'),
(7, '10012398', 1, 1, 14.50, 'Validé', '2025-03-26 06:40:42', '2025-03-26 06:40:42'),
(8, '10012398', 2, 1, 14.75, 'Validé', '2025-03-26 06:40:42', '2025-03-26 06:40:42'),
(9, '10012398', 3, 1, 12.00, 'Validé', '2025-03-26 06:40:42', '2025-03-26 06:40:42'),
(10, '10012398', 4, 1, 13.50, 'Validé', '2025-03-26 06:40:42', '2025-03-26 06:40:42'),
(11, '10012398', 5, 1, 14.50, 'Validé', '2025-03-26 06:40:42', '2025-03-26 06:40:42'),
(12, '10012398', 6, 1, 16.00, 'Validé', '2025-03-26 06:40:42', '2025-03-26 06:40:42'),
(13, '10012398', 7, 2, 13.75, 'Validé', '2025-03-26 06:40:42', '2025-03-26 06:40:42'),
(14, '10012398', 8, 2, 12.50, 'Validé', '2025-03-26 06:40:42', '2025-03-26 06:40:42'),
(15, '10012398', 9, 2, 15.50, 'Validé', '2025-03-26 06:40:42', '2025-03-26 06:40:42'),
(16, '10012398', 10, 2, 16.00, 'Validé', '2025-03-26 06:40:42', '2025-03-26 06:40:42'),
(17, '10012398', 11, 2, 11.00, 'Non validé', '2025-03-26 06:40:42', '2025-03-26 06:40:42'),
(18, '10012398', 12, 2, 14.50, 'Validé', '2025-03-26 06:40:42', '2025-03-26 06:40:42'),
(19, '10123400', 1, 1, 13.75, 'Validé', '2025-03-26 06:40:42', '2025-03-26 06:40:42'),
(20, '10123400', 2, 1, 15.75, 'Validé', '2025-03-26 06:40:42', '2025-03-26 06:40:42'),
(21, '10123400', 3, 1, 11.00, 'Non validé', '2025-03-26 06:40:42', '2025-03-26 06:40:42'),
(22, '10123400', 4, 1, 12.75, 'Validé', '2025-03-26 06:40:42', '2025-03-26 06:40:42'),
(23, '10123400', 5, 1, 12.00, 'Validé', '2025-03-26 06:40:42', '2025-03-26 06:40:42'),
(24, '10123400', 6, 1, 15.50, 'Validé', '2025-03-26 06:40:42', '2025-03-26 06:40:42'),
(25, '10123400', 7, 2, 15.75, 'Validé', '2025-03-26 06:40:42', '2025-03-26 06:40:42'),
(26, '10123400', 8, 2, 14.00, 'Validé', '2025-03-26 06:40:42', '2025-03-26 06:40:42'),
(27, '10123400', 9, 2, 13.00, 'Validé', '2025-03-26 06:40:42', '2025-03-26 06:40:42'),
(28, '10123400', 10, 2, 12.50, 'Validé', '2025-03-26 06:40:42', '2025-03-26 06:40:42'),
(29, '10123400', 11, 2, 15.50, 'Validé', '2025-03-26 06:40:42', '2025-03-26 06:40:42'),
(30, '10123400', 12, 2, 16.00, 'Validé', '2025-03-26 06:40:42', '2025-03-26 06:40:42'),
(31, '10123456', 1, 1, 15.75, 'Validé', '2025-03-26 06:40:42', '2025-03-26 06:40:42'),
(32, '10123456', 2, 1, 13.50, 'Validé', '2025-03-26 06:40:42', '2025-03-26 06:40:42'),
(33, '10123456', 3, 1, 16.50, 'Validé', '2025-03-26 06:40:42', '2025-03-26 06:40:42'),
(34, '10123456', 4, 1, 11.50, 'Non validé', '2025-03-26 06:40:42', '2025-03-26 06:40:42'),
(35, '10123456', 5, 1, 15.00, 'Validé', '2025-03-26 06:40:42', '2025-03-26 06:40:42'),
(36, '10123456', 6, 1, 14.50, 'Validé', '2025-03-26 06:40:42', '2025-03-26 06:40:42'),
(37, '10123456', 7, 2, 14.75, 'Validé', '2025-03-26 06:40:42', '2025-03-26 06:40:42'),
(38, '10123456', 8, 2, 13.50, 'Validé', '2025-03-26 06:40:42', '2025-03-26 06:40:42'),
(39, '10123456', 9, 2, 16.00, 'Validé', '2025-03-26 06:40:42', '2025-03-26 06:40:42'),
(40, '10123456', 10, 2, 15.50, 'Validé', '2025-03-26 06:40:42', '2025-03-26 06:40:42'),
(41, '10123456', 11, 2, 14.00, 'Validé', '2025-03-26 06:40:42', '2025-03-26 06:40:42'),
(42, '10123456', 12, 2, 13.00, 'Validé', '2025-03-26 06:40:42', '2025-03-26 06:40:42'),
(43, '10012399', 1, 1, 12.25, 'Validé', '2025-03-26 06:40:42', '2025-03-26 06:40:42'),
(44, '10012399', 2, 1, 14.00, 'Validé', '2025-03-26 06:40:42', '2025-03-26 06:40:42'),
(45, '10012399', 3, 1, 13.50, 'Validé', '2025-03-26 06:40:42', '2025-03-26 06:40:42'),
(46, '10012399', 4, 1, 11.75, 'Non validé', '2025-03-26 06:40:42', '2025-03-26 06:40:42'),
(47, '10012399', 5, 1, 15.25, 'Validé', '2025-03-26 06:40:42', '2025-03-26 06:40:42'),
(48, '10012399', 6, 1, 16.25, 'Validé', '2025-03-26 06:40:42', '2025-03-26 06:40:42'),
(49, '10120400', 1, 1, 13.00, 'Validé', '2025-03-26 06:40:42', '2025-03-26 06:40:42'),
(50, '10120400', 2, 1, 15.50, 'Validé', '2025-03-26 06:40:42', '2025-03-26 06:40:42'),
(51, '10120400', 3, 1, 12.25, 'Validé', '2025-03-26 06:40:42', '2025-03-26 06:40:42'),
(52, '10120400', 4, 1, 14.25, 'Validé', '2025-03-26 06:40:42', '2025-03-26 06:40:42'),
(53, '10120400', 5, 1, 11.25, 'Non validé', '2025-03-26 06:40:42', '2025-03-26 06:40:42'),
(54, '10120400', 6, 1, 15.75, 'Validé', '2025-03-26 06:40:42', '2025-03-26 06:40:42'),
(55, '10234510', 1, 1, 14.75, 'Validé', '2025-03-26 06:40:42', '2025-03-26 06:40:42'),
(56, '10234510', 2, 1, 13.25, 'Validé', '2025-03-26 06:40:42', '2025-03-26 06:40:42'),
(57, '10234510', 3, 1, 15.75, 'Validé', '2025-03-26 06:40:42', '2025-03-26 06:40:42'),
(58, '10234510', 4, 1, 12.25, 'Validé', '2025-03-26 06:40:42', '2025-03-26 06:40:42'),
(59, '10234510', 5, 1, 14.25, 'Validé', '2025-03-26 06:40:42', '2025-03-26 06:40:42'),
(60, '10234510', 6, 1, 13.75, 'Validé', '2025-03-26 06:40:42', '2025-03-26 06:40:42'),
(61, '10234511', 1, 1, 16.25, 'Validé', '2025-03-26 06:40:42', '2025-03-26 06:40:42'),
(62, '10234511', 2, 1, 14.50, 'Validé', '2025-03-26 06:40:42', '2025-03-26 06:40:42'),
(63, '10234511', 3, 1, 12.75, 'Validé', '2025-03-26 06:40:42', '2025-03-26 06:40:42'),
(64, '10234511', 4, 1, 13.25, 'Validé', '2025-03-26 06:40:42', '2025-03-26 06:40:42'),
(65, '10234511', 5, 1, 15.50, 'Validé', '2025-03-26 06:40:42', '2025-03-26 06:40:42'),
(66, '10234511', 6, 1, 16.50, 'Validé', '2025-03-26 06:40:42', '2025-03-26 06:40:42'),
(67, '10234567', 1, 1, 12.75, 'Validé', '2025-03-26 06:40:42', '2025-03-26 06:40:42'),
(68, '10234567', 2, 1, 15.25, 'Validé', '2025-03-26 06:40:42', '2025-03-26 06:40:42'),
(69, '10234567', 3, 1, 16.00, 'Validé', '2025-03-26 06:40:42', '2025-03-26 06:40:42'),
(70, '10234567', 4, 1, 14.50, 'Validé', '2025-03-26 06:40:42', '2025-03-26 06:40:42'),
(71, '10234567', 5, 1, 13.00, 'Validé', '2025-03-26 06:40:42', '2025-03-26 06:40:42'),
(72, '10234567', 6, 1, 15.00, 'Validé', '2025-03-26 06:40:42', '2025-03-26 06:40:42'),
(73, '10345621', 1, 1, 13.50, 'Validé', '2025-03-26 06:40:42', '2025-03-26 06:40:42'),
(74, '10345621', 2, 1, 16.25, 'Validé', '2025-03-26 06:40:42', '2025-03-26 06:40:42'),
(75, '10345621', 3, 1, 14.25, 'Validé', '2025-03-26 06:40:42', '2025-03-26 06:40:42'),
(76, '10345621', 4, 1, 15.00, 'Validé', '2025-03-26 06:40:42', '2025-03-26 06:40:42'),
(77, '10345621', 5, 1, 12.50, 'Validé', '2025-03-26 06:40:42', '2025-03-26 06:40:42'),
(78, '10345621', 6, 1, 13.25, 'Validé', '2025-03-26 06:40:42', '2025-03-26 06:40:42'),
(79, '10345622', 1, 1, 9.75, 'Non validé', '2025-03-26 06:40:42', '2025-03-26 06:40:42'),
(80, '10345622', 2, 1, 15.00, 'Validé', '2025-03-26 06:40:42', '2025-03-26 06:40:42'),
(81, '10345622', 3, 1, 13.75, 'Validé', '2025-03-26 06:40:42', '2025-03-26 06:40:42'),
(82, '10345622', 4, 1, 8.50, 'Non validé', '2025-03-26 06:40:42', '2025-03-26 06:40:42'),
(83, '10345622', 5, 1, 14.00, 'Validé', '2025-03-26 06:40:42', '2025-03-26 06:40:42'),
(84, '10345622', 6, 1, 16.25, 'Validé', '2025-03-26 06:40:42', '2025-03-26 06:40:42'),
(85, '10345678', 1, 1, 14.25, 'Validé', '2025-03-26 06:40:42', '2025-03-26 06:40:42'),
(86, '10345678', 2, 1, 12.75, 'Validé', '2025-03-26 06:40:42', '2025-03-26 06:40:42'),
(87, '10345678', 3, 1, 15.25, 'Validé', '2025-03-26 06:40:42', '2025-03-26 06:40:42'),
(88, '10345678', 4, 1, 13.75, 'Validé', '2025-03-26 06:40:42', '2025-03-26 06:40:42'),
(89, '10345678', 5, 1, 16.00, 'Validé', '2025-03-26 06:40:42', '2025-03-26 06:40:42'),
(90, '10345678', 6, 1, 14.75, 'Validé', '2025-03-26 06:40:42', '2025-03-26 06:40:42'),
(91, '10456732', 1, 1, 8.75, 'Non validé', '2025-03-26 06:40:42', '2025-03-26 06:40:42'),
(92, '10456732', 2, 1, 13.25, 'Validé', '2025-03-26 06:40:42', '2025-03-26 06:40:42'),
(93, '10456732', 3, 1, 9.50, 'Non validé', '2025-03-26 06:40:42', '2025-03-26 06:40:42'),
(94, '10456732', 4, 1, 14.50, 'Validé', '2025-03-26 06:40:42', '2025-03-26 06:40:42'),
(95, '10456732', 5, 1, 15.75, 'Validé', '2025-03-26 06:40:42', '2025-03-26 06:40:42'),
(96, '10456732', 6, 1, 12.25, 'Validé', '2025-03-26 06:40:42', '2025-03-26 06:40:42');

-- --------------------------------------------------------

--
-- Structure de la table `note`
--

CREATE TABLE `note` (
  `id` int(11) NOT NULL,
  `ecue_id` int(11) DEFAULT NULL,
  `parcours_etudiant_id` int(11) DEFAULT NULL,
  `note` decimal(5,2) DEFAULT NULL CHECK (`note` between 0 and 20),
  `created_at` timestamp NOT NULL DEFAULT current_timestamp(),
  `updated_at` timestamp NOT NULL DEFAULT current_timestamp() ON UPDATE current_timestamp()
) ENGINE=InnoDB DEFAULT CHARSET=utf8mb4 COLLATE=utf8mb4_general_ci;

--
-- Déchargement des données de la table `note`
--

INSERT INTO `note` (`id`, `ecue_id`, `parcours_etudiant_id`, `note`, `created_at`, `updated_at`) VALUES
(1, 10, 1, 12.50, '2025-03-26 06:40:42', '2025-03-26 06:40:42'),
(2, 11, 1, 3.75, '2025-03-26 06:40:42', '2025-03-26 06:40:42'),
(3, 12, 1, 14.50, '2025-03-26 06:40:42', '2025-03-26 06:40:42'),
(4, 13, 1, 11.00, '2025-03-26 06:40:42', '2025-03-26 06:40:42'),
(5, 14, 1, 15.50, '2025-03-26 06:40:42', '2025-03-26 06:40:42'),
(6, 15, 1, 20.00, '2025-03-26 06:40:42', '2025-03-26 06:40:42'),
(7, 16, 1, 9.00, '2025-03-26 06:40:42', '2025-03-26 06:40:42'),
(8, 17, 1, 16.50, '2025-03-26 06:40:42', '2025-03-26 06:40:42'),
(9, 18, 1, 14.00, '2025-03-26 06:40:42', '2025-03-26 06:40:42'),
(10, 10, 2, 15.00, '2025-03-26 06:40:42', '2025-03-26 06:40:42'),
(11, 11, 2, 14.00, '2025-03-26 06:40:42', '2025-03-26 06:40:42'),
(12, 12, 2, 16.00, '2025-03-26 06:40:42', '2025-03-26 06:40:42'),
(13, 13, 2, 13.50, '2025-03-26 06:40:42', '2025-03-26 06:40:42'),
(14, 14, 2, 12.00, '2025-03-26 06:40:42', '2025-03-26 06:40:42'),
(15, 15, 2, 11.50, '2025-03-26 06:40:42', '2025-03-26 06:40:42'),
(16, 16, 2, 15.50, '2025-03-26 06:40:42', '2025-03-26 06:40:42'),
(17, 17, 2, 14.50, '2025-03-26 06:40:42', '2025-03-26 06:40:42'),
(18, 18, 2, 16.00, '2025-03-26 06:40:42', '2025-03-26 06:40:42'),
(19, 10, 5, 14.00, '2025-03-26 06:40:42', '2025-03-26 06:40:42'),
(20, 11, 5, 13.50, '2025-03-26 06:40:42', '2025-03-26 06:40:42'),
(21, 12, 5, 15.00, '2025-03-26 06:40:42', '2025-03-26 06:40:42'),
(22, 13, 5, 16.50, '2025-03-26 06:40:42', '2025-03-26 06:40:42'),
(23, 14, 5, 11.00, '2025-03-26 06:40:42', '2025-03-26 06:40:42'),
(24, 15, 5, 12.50, '2025-03-26 06:40:42', '2025-03-26 06:40:42'),
(25, 16, 5, 13.00, '2025-03-26 06:40:42', '2025-03-26 06:40:42'),
(26, 17, 5, 12.00, '2025-03-26 06:40:42', '2025-03-26 06:40:42'),
(27, 18, 5, 15.50, '2025-03-26 06:40:42', '2025-03-26 06:40:42'),
(28, 10, 6, 16.00, '2025-03-26 06:40:42', '2025-03-26 06:40:42'),
(29, 11, 6, 15.50, '2025-03-26 06:40:42', '2025-03-26 06:40:42'),
(30, 12, 6, 14.00, '2025-03-26 06:40:42', '2025-03-26 06:40:42'),
(31, 13, 6, 13.00, '2025-03-26 06:40:42', '2025-03-26 06:40:42'),
(32, 14, 6, 16.50, '2025-03-26 06:40:42', '2025-03-26 06:40:42'),
(33, 15, 6, 12.00, '2025-03-26 06:40:42', '2025-03-26 06:40:42'),
(34, 16, 6, 11.00, '2025-03-26 06:40:42', '2025-03-26 06:40:42'),
(35, 17, 6, 15.00, '2025-03-26 06:40:42', '2025-03-26 06:40:42'),
(36, 18, 6, 14.50, '2025-03-26 06:40:42', '2025-03-26 06:40:42'),
(37, 19, 7, 13.50, '2025-03-26 06:40:42', '2025-03-26 06:40:42'),
(38, 20, 7, 14.00, '2025-03-26 06:40:42', '2025-03-26 06:40:42'),
(39, 21, 7, 12.50, '2025-03-26 06:40:42', '2025-03-26 06:40:42'),
(40, 22, 7, 15.50, '2025-03-26 06:40:42', '2025-03-26 06:40:42'),
(41, 23, 7, 16.00, '2025-03-26 06:40:42', '2025-03-26 06:40:42'),
(42, 24, 7, 11.00, '2025-03-26 06:40:42', '2025-03-26 06:40:42'),
(43, 25, 7, 14.50, '2025-03-26 06:40:42', '2025-03-26 06:40:42'),
(44, 19, 9, 15.00, '2025-03-26 06:40:42', '2025-03-26 06:40:42'),
(45, 20, 9, 16.50, '2025-03-26 06:40:42', '2025-03-26 06:40:42'),
(46, 21, 9, 14.00, '2025-03-26 06:40:42', '2025-03-26 06:40:42'),
(47, 22, 9, 13.00, '2025-03-26 06:40:42', '2025-03-26 06:40:42'),
(48, 23, 9, 12.50, '2025-03-26 06:40:42', '2025-03-26 06:40:42'),
(49, 24, 9, 15.50, '2025-03-26 06:40:42', '2025-03-26 06:40:42'),
(50, 25, 9, 16.00, '2025-03-26 06:40:42', '2025-03-26 06:40:42'),
(51, 19, 10, 14.50, '2025-03-26 06:40:42', '2025-03-26 06:40:42'),
(52, 20, 10, 15.00, '2025-03-26 06:40:42', '2025-03-26 06:40:42'),
(53, 21, 10, 13.50, '2025-03-26 06:40:42', '2025-03-26 06:40:42'),
(54, 22, 10, 16.00, '2025-03-26 06:40:42', '2025-03-26 06:40:42'),
(55, 23, 10, 15.50, '2025-03-26 06:40:42', '2025-03-26 06:40:42'),
(56, 24, 10, 14.00, '2025-03-26 06:40:42', '2025-03-26 06:40:42'),
(58, 10, 1, 15.50, '2025-03-26 06:40:42', '2025-03-26 06:40:42'),
(59, 10, 2, 8.70, '2025-03-26 06:40:42', '2025-03-26 06:40:42'),
(60, 10, 3, 12.30, '2025-03-26 06:40:42', '2025-03-26 06:40:42'),
(61, 10, 5, 9.80, '2025-03-26 06:40:42', '2025-03-26 06:40:42'),
(62, 10, 6, 13.20, '2025-03-26 06:40:42', '2025-03-26 06:40:42'),
(63, 10, 1, 6.50, '2025-03-26 06:40:42', '2025-03-26 06:40:42'),
(64, 10, 2, 7.90, '2025-03-26 06:40:42', '2025-03-26 06:40:42'),
(65, 10, 5, 18.20, '2025-03-26 06:40:42', '2025-03-26 06:40:42'),
(66, 10, 6, 9.10, '2025-03-26 06:40:42', '2025-03-26 06:40:42'),
(67, 10, 1, 15.50, '2025-03-26 06:40:42', '2025-03-26 06:40:42'),
(68, 10, 2, 8.70, '2025-03-26 06:40:42', '2025-03-26 06:40:42'),
(69, 10, 3, 12.30, '2025-03-26 06:40:42', '2025-03-26 06:40:42'),
(70, 10, 5, 9.80, '2025-03-26 06:40:42', '2025-03-26 06:40:42'),
(71, 10, 6, 13.20, '2025-03-26 06:40:42', '2025-03-26 06:40:42'),
(72, 10, 1, 6.50, '2025-03-26 06:40:42', '2025-03-26 06:40:42'),
(73, 10, 2, 7.90, '2025-03-26 06:40:42', '2025-03-26 06:40:42'),
(74, 10, 5, 18.20, '2025-03-26 06:40:42', '2025-03-26 06:40:42'),
(75, 10, 6, 9.10, '2025-03-26 06:40:42', '2025-03-26 06:40:42'),
(76, 10, 1, 15.50, '2025-03-26 06:40:42', '2025-03-26 06:40:42'),
(77, 10, 2, 8.70, '2025-03-26 06:40:42', '2025-03-26 06:40:42'),
(78, 10, 3, 12.30, '2025-03-26 06:40:42', '2025-03-26 06:40:42'),
(79, 10, 5, 9.80, '2025-03-26 06:40:42', '2025-03-26 06:40:42'),
(80, 10, 6, 13.20, '2025-03-26 06:40:42', '2025-03-26 06:40:42'),
(81, 10, 1, 6.50, '2025-03-26 06:40:42', '2025-03-26 06:40:42'),
(82, 10, 2, 7.90, '2025-03-26 06:40:42', '2025-03-26 06:40:42'),
(83, 10, 5, 18.20, '2025-03-26 06:40:42', '2025-03-26 06:40:42'),
(84, 10, 6, 9.10, '2025-03-26 06:40:42', '2025-03-26 06:40:42');

-- --------------------------------------------------------

--
-- Structure de la table `parcours_etudiant`
--

CREATE TABLE `parcours_etudiant` (
  `id` int(11) NOT NULL,
  `etudiant_matricule` varchar(20) DEFAULT NULL,
  `annee_etude_id` int(11) DEFAULT NULL,
  `annee_academique_id` int(11) DEFAULT NULL,
  `decision` enum('Admis','Redoublant','Enjambement') NOT NULL,
  `semestre` int(11) NOT NULL DEFAULT 1,
  `created_at` timestamp NOT NULL DEFAULT current_timestamp(),
  `updated_at` timestamp NOT NULL DEFAULT current_timestamp() ON UPDATE current_timestamp()
) ENGINE=InnoDB DEFAULT CHARSET=utf8mb4 COLLATE=utf8mb4_general_ci;

--
-- Déchargement des données de la table `parcours_etudiant`
--

INSERT INTO `parcours_etudiant` (`id`, `etudiant_matricule`, `annee_etude_id`, `annee_academique_id`, `decision`, `semestre`, `created_at`, `updated_at`) VALUES
(1, '10012345', 1, 1, 'Admis', 1, '2025-03-26 06:40:42', '2025-03-26 06:40:42'),
(2, '10012398', 1, 1, 'Admis', 1, '2025-03-26 06:40:42', '2025-03-26 06:40:42'),
(3, '10012399', 1, 1, 'Admis', 1, '2025-03-26 06:40:42', '2025-03-26 06:40:42'),
(4, '10120400', 3, 1, 'Admis', 5, '2025-03-26 06:40:42', '2025-03-26 06:40:42'),
(5, '10123400', 1, 1, 'Admis', 1, '2025-03-26 06:40:42', '2025-03-26 06:40:42'),
(6, '10123456', 1, 1, 'Admis', 1, '2025-03-26 06:40:42', '2025-03-26 06:40:42'),
(7, '10012398', 1, 2, 'Admis', 1, '2025-03-26 06:40:42', '2025-03-26 06:40:42'),
(8, '10012399', 2, 2, 'Admis', 3, '2025-03-26 06:40:42', '2025-03-26 06:40:42'),
(9, '10123400', 1, 2, 'Admis', 1, '2025-03-26 06:40:42', '2025-03-26 06:40:42'),
(10, '10123456', 1, 2, 'Admis', 1, '2025-03-26 06:40:42', '2025-03-26 06:40:42'),
(11, '10012345', 1, 1, 'Admis', 2, '2025-03-26 06:40:42', '2025-03-26 06:40:42'),
(12, '10012398', 1, 1, 'Redoublant', 2, '2025-03-26 06:40:42', '2025-03-26 06:40:42'),
(13, '10012399', 1, 1, 'Admis', 2, '2025-03-26 06:40:42', '2025-03-26 06:40:42'),
(14, '10120400', 3, 1, 'Redoublant', 6, '2025-03-26 06:40:42', '2025-03-26 06:40:42'),
(15, '10123400', 1, 1, 'Admis', 2, '2025-03-26 06:40:42', '2025-03-26 06:40:42'),
(16, '10123456', 1, 1, 'Enjambement', 2, '2025-03-26 06:40:42', '2025-03-26 06:40:42'),
(17, '10012398', 1, 2, 'Admis', 2, '2025-03-26 06:40:42', '2025-03-26 06:40:42'),
(18, '10012399', 2, 2, 'Enjambement', 4, '2025-03-26 06:40:42', '2025-03-26 06:40:42'),
(19, '10123400', 1, 2, 'Admis', 2, '2025-03-26 06:40:42', '2025-03-26 06:40:42'),
(20, '10123456', 1, 2, 'Admis', 2, '2025-03-26 06:40:42', '2025-03-26 06:40:42');

-- --------------------------------------------------------

--
-- Structure de la table `ue`
--

CREATE TABLE `ue` (
  `id` int(11) NOT NULL,
  `code` varchar(100) NOT NULL,
  `nom` varchar(100) NOT NULL,
  `annee_etude_id` int(11) DEFAULT NULL,
  `credit` int(11) NOT NULL,
  `semestre` int(11) NOT NULL,
  `created_at` timestamp NOT NULL DEFAULT current_timestamp(),
  `updated_at` timestamp NOT NULL DEFAULT current_timestamp() ON UPDATE current_timestamp()
) ENGINE=InnoDB DEFAULT CHARSET=utf8mb4 COLLATE=utf8mb4_general_ci;

--
-- Déchargement des données de la table `ue`
--

INSERT INTO `ue` (`id`, `code`, `nom`, `annee_etude_id`, `credit`, `semestre`, `created_at`, `updated_at`) VALUES
(1, 'UE101', 'Mathématiques fondamentales', 1, 6, 1, '2025-03-26 06:40:42', '2025-03-26 06:40:42'),
(2, 'UE102', 'Programmation et Algorithmique', 1, 5, 1, '2025-03-26 06:40:42', '2025-03-26 06:40:42'),
(3, 'UE103', 'Économie Générale', 1, 4, 1, '2025-03-26 06:40:42', '2025-03-26 06:40:42'),
(4, 'UE104', 'Physique appliquée', 1, 5, 1, '2025-03-26 06:40:42', '2025-03-26 06:40:42'),
(5, 'UE105', 'Statistiques', 1, 5, 1, '2025-03-26 06:40:42', '2025-03-26 06:40:42'),
(6, 'UE106', 'Expression et Communication', 1, 5, 1, '2025-03-26 06:40:42', '2025-03-26 06:40:42'),
(7, 'UE201', 'Bases de Données', 1, 6, 2, '2025-03-26 06:40:42', '2025-03-26 06:40:42'),
(8, 'UE202', 'Analyse et Algèbre', 1, 5, 2, '2025-03-26 06:40:42', '2025-03-26 06:40:42'),
(9, 'UE203', 'Comptabilité Générale', 1, 4, 2, '2025-03-26 06:40:42', '2025-03-26 06:40:42'),
(10, 'UE204', 'Électronique Numérique', 1, 5, 2, '2025-03-26 06:40:42', '2025-03-26 06:40:42'),
(11, 'UE205', 'Droit des Affaires', 1, 5, 2, '2025-03-26 06:40:42', '2025-03-26 06:40:42'),
(12, 'UE206', 'Anglais Technique', 1, 5, 2, '2025-03-26 06:40:42', '2025-03-26 06:40:42'),
(13, 'UE301', 'Génie Logiciel', 2, 5, 1, '2025-03-26 06:40:42', '2025-03-26 06:40:42'),
(14, 'UE302', 'Réseaux Informatiques', 2, 5, 1, '2025-03-26 06:40:42', '2025-03-26 06:40:42'),
(15, 'UE303', 'Microéconomie', 2, 5, 1, '2025-03-26 06:40:42', '2025-03-26 06:40:42'),
(16, 'UE304', 'Systèmes d’Exploitation', 2, 5, 1, '2025-03-26 06:40:42', '2025-03-26 06:40:42'),
(17, 'UE305', 'Méthodes Statistiques', 2, 5, 1, '2025-03-26 06:40:42', '2025-03-26 06:40:42'),
(18, 'UE306', 'Techniques de Communication', 2, 5, 1, '2025-03-26 06:40:42', '2025-03-26 06:40:42'),
(19, 'UE401', 'Intelligence Artificielle', 2, 6, 2, '2025-03-26 06:40:42', '2025-03-26 06:40:42'),
(20, 'UE402', 'Sécurité Informatique', 2, 5, 2, '2025-03-26 06:40:42', '2025-03-26 06:40:42'),
(21, 'UE403', 'Gestion de Projet', 2, 4, 2, '2025-03-26 06:40:42', '2025-03-26 06:40:42'),
(22, 'UE404', 'Cryptographie', 2, 5, 2, '2025-03-26 06:40:42', '2025-03-26 06:40:42'),
(23, 'UE405', 'Économie Numérique', 2, 5, 2, '2025-03-26 06:40:42', '2025-03-26 06:40:42'),
(24, 'UE406', 'Développement Web Avancé', 2, 5, 2, '2025-03-26 06:40:42', '2025-03-26 06:40:42'),
(25, 'UE501', 'Big Data', 3, 6, 1, '2025-03-26 06:40:42', '2025-03-26 06:40:42'),
(26, 'UE502', 'Cloud Computing', 3, 5, 1, '2025-03-26 06:40:42', '2025-03-26 06:40:42'),
(27, 'UE503', 'Management des Systèmes', 3, 5, 1, '2025-03-26 06:40:42', '2025-03-26 06:40:42'),
(28, 'UE504', 'Droit de l’Informatique', 3, 4, 1, '2025-03-26 06:40:42', '2025-03-26 06:40:42'),
(29, 'UE505', 'Analyse Financière', 3, 5, 1, '2025-03-26 06:40:42', '2025-03-26 06:40:42'),
(30, 'UE506', 'Entrepreneuriat Numérique', 3, 5, 1, '2025-03-26 06:40:42', '2025-03-26 06:40:42'),
(31, 'UE601', 'Blockchain et Cryptomonnaies', 3, 6, 2, '2025-03-26 06:40:42', '2025-03-26 06:40:42'),
(32, 'UE602', 'Cybersécurité Avancée', 3, 5, 2, '2025-03-26 06:40:42', '2025-03-26 06:40:42'),
(33, 'UE603', 'Innovation Technologique', 3, 5, 2, '2025-03-26 06:40:42', '2025-03-26 06:40:42'),
(34, 'UE604', 'Éthique et Numérique', 3, 4, 2, '2025-03-26 06:40:42', '2025-03-26 06:40:42'),
(35, 'UE605', 'Stratégies Digitales', 3, 5, 2, '2025-03-26 06:40:42', '2025-03-26 06:40:42'),
(36, 'UE606', 'Mémoire et Projet de Fin d’Études', 3, 5, 2, '2025-03-26 06:40:42', '2025-03-26 06:40:42');

--
-- Index pour les tables déchargées
--

--
-- Index pour la table `annee_academique`
--
ALTER TABLE `annee_academique`
  ADD PRIMARY KEY (`id`),
  ADD UNIQUE KEY `annee` (`annee`);

--
-- Index pour la table `annee_etude`
--
ALTER TABLE `annee_etude`
  ADD PRIMARY KEY (`id`),
  ADD UNIQUE KEY `code` (`code`),
  ADD KEY `filiere_id` (`filiere_id`),
  ADD KEY `grade_id` (`grade_id`);

--
-- Index pour la table `ecue`
--
ALTER TABLE `ecue`
  ADD PRIMARY KEY (`id`),
  ADD UNIQUE KEY `code` (`code`),
  ADD KEY `ue_id` (`ue_id`),
  ADD KEY `enseignant_id` (`enseignant_id`);

--
-- Index pour la table `enseignant`
--
ALTER TABLE `enseignant`
  ADD PRIMARY KEY (`id`),
  ADD UNIQUE KEY `email` (`email`),
  ADD UNIQUE KEY `telephone` (`telephone`);

--
-- Index pour la table `etudiant`
--
ALTER TABLE `etudiant`
  ADD PRIMARY KEY (`matricule`),
  ADD UNIQUE KEY `email` (`email`),
  ADD UNIQUE KEY `telephone` (`telephone`);

--
-- Index pour la table `filiere`
--
ALTER TABLE `filiere`
  ADD PRIMARY KEY (`id`),
  ADD UNIQUE KEY `code` (`code`);

--
-- Index pour la table `grade`
--
ALTER TABLE `grade`
  ADD PRIMARY KEY (`id`),
  ADD UNIQUE KEY `nom` (`nom`);

--
-- Index pour la table `membre_administratif`
--
ALTER TABLE `membre_administratif`
  ADD PRIMARY KEY (`id`),
  ADD UNIQUE KEY `email` (`email`);

--
-- Index pour la table `moyenne_ue`
--
ALTER TABLE `moyenne_ue`
  ADD PRIMARY KEY (`id`),
  ADD KEY `etudiant_matricule` (`etudiant_matricule`),
  ADD KEY `ue_id` (`ue_id`),
  ADD KEY `annee_academique_id` (`annee_academique_id`);

--
-- Index pour la table `note`
--
ALTER TABLE `note`
  ADD PRIMARY KEY (`id`),
  ADD KEY `ecue_id` (`ecue_id`),
  ADD KEY `parcours_etudiant_id` (`parcours_etudiant_id`);

--
-- Index pour la table `parcours_etudiant`
--
ALTER TABLE `parcours_etudiant`
  ADD PRIMARY KEY (`id`),
  ADD KEY `etudiant_matricule` (`etudiant_matricule`),
  ADD KEY `annee_etude_id` (`annee_etude_id`),
  ADD KEY `annee_academique_id` (`annee_academique_id`);

--
-- Index pour la table `ue`
--
ALTER TABLE `ue`
  ADD PRIMARY KEY (`id`),
  ADD UNIQUE KEY `code` (`code`),
  ADD KEY `annee_etude_id` (`annee_etude_id`);

--
-- AUTO_INCREMENT pour les tables déchargées
--

--
-- AUTO_INCREMENT pour la table `annee_academique`
--
ALTER TABLE `annee_academique`
  MODIFY `id` int(11) NOT NULL AUTO_INCREMENT, AUTO_INCREMENT=7;

--
-- AUTO_INCREMENT pour la table `annee_etude`
--
ALTER TABLE `annee_etude`
  MODIFY `id` int(11) NOT NULL AUTO_INCREMENT, AUTO_INCREMENT=11;

--
-- AUTO_INCREMENT pour la table `ecue`
--
ALTER TABLE `ecue`
  MODIFY `id` int(11) NOT NULL AUTO_INCREMENT, AUTO_INCREMENT=51;

--
-- AUTO_INCREMENT pour la table `enseignant`
--
ALTER TABLE `enseignant`
  MODIFY `id` int(11) NOT NULL AUTO_INCREMENT, AUTO_INCREMENT=11;

--
-- AUTO_INCREMENT pour la table `filiere`
--
ALTER TABLE `filiere`
  MODIFY `id` int(11) NOT NULL AUTO_INCREMENT, AUTO_INCREMENT=4;

--
-- AUTO_INCREMENT pour la table `grade`
--
ALTER TABLE `grade`
  MODIFY `id` int(11) NOT NULL AUTO_INCREMENT, AUTO_INCREMENT=5;

--
-- AUTO_INCREMENT pour la table `membre_administratif`
--
ALTER TABLE `membre_administratif`
  MODIFY `id` int(11) NOT NULL AUTO_INCREMENT, AUTO_INCREMENT=4;

--
-- AUTO_INCREMENT pour la table `moyenne_ue`
--
ALTER TABLE `moyenne_ue`
  MODIFY `id` int(11) NOT NULL AUTO_INCREMENT, AUTO_INCREMENT=97;

--
-- AUTO_INCREMENT pour la table `note`
--
ALTER TABLE `note`
  MODIFY `id` int(11) NOT NULL AUTO_INCREMENT, AUTO_INCREMENT=85;

--
-- AUTO_INCREMENT pour la table `parcours_etudiant`
--
ALTER TABLE `parcours_etudiant`
  MODIFY `id` int(11) NOT NULL AUTO_INCREMENT, AUTO_INCREMENT=21;

--
-- AUTO_INCREMENT pour la table `ue`
--
ALTER TABLE `ue`
  MODIFY `id` int(11) NOT NULL AUTO_INCREMENT, AUTO_INCREMENT=43;

--
-- Contraintes pour les tables déchargées
--

--
-- Contraintes pour la table `annee_etude`
--
ALTER TABLE `annee_etude`
  ADD CONSTRAINT `annee_etude_ibfk_1` FOREIGN KEY (`filiere_id`) REFERENCES `filiere` (`id`),
  ADD CONSTRAINT `annee_etude_ibfk_2` FOREIGN KEY (`grade_id`) REFERENCES `grade` (`id`);

--
-- Contraintes pour la table `ecue`
--
ALTER TABLE `ecue`
  ADD CONSTRAINT `ecue_ibfk_1` FOREIGN KEY (`ue_id`) REFERENCES `ue` (`id`),
  ADD CONSTRAINT `ecue_ibfk_2` FOREIGN KEY (`enseignant_id`) REFERENCES `enseignant` (`id`);

--
-- Contraintes pour la table `moyenne_ue`
--
ALTER TABLE `moyenne_ue`
  ADD CONSTRAINT `moyenne_ue_ibfk_1` FOREIGN KEY (`etudiant_matricule`) REFERENCES `etudiant` (`matricule`),
  ADD CONSTRAINT `moyenne_ue_ibfk_2` FOREIGN KEY (`ue_id`) REFERENCES `ue` (`id`),
  ADD CONSTRAINT `moyenne_ue_ibfk_3` FOREIGN KEY (`annee_academique_id`) REFERENCES `annee_academique` (`id`);

--
-- Contraintes pour la table `note`
--
ALTER TABLE `note`
  ADD CONSTRAINT `note_ibfk_1` FOREIGN KEY (`ecue_id`) REFERENCES `ecue` (`id`),
  ADD CONSTRAINT `note_ibfk_2` FOREIGN KEY (`parcours_etudiant_id`) REFERENCES `parcours_etudiant` (`id`);

--
-- Contraintes pour la table `parcours_etudiant`
--
ALTER TABLE `parcours_etudiant`
  ADD CONSTRAINT `parcours_etudiant_ibfk_1` FOREIGN KEY (`etudiant_matricule`) REFERENCES `etudiant` (`matricule`),
  ADD CONSTRAINT `parcours_etudiant_ibfk_2` FOREIGN KEY (`annee_etude_id`) REFERENCES `annee_etude` (`id`),
  ADD CONSTRAINT `parcours_etudiant_ibfk_3` FOREIGN KEY (`annee_academique_id`) REFERENCES `annee_academique` (`id`);

--
-- Contraintes pour la table `ue`
--
ALTER TABLE `ue`
  ADD CONSTRAINT `ue_ibfk_2` FOREIGN KEY (`annee_etude_id`) REFERENCES `annee_etude` (`id`);
COMMIT;

/*!40101 SET CHARACTER_SET_CLIENT=@OLD_CHARACTER_SET_CLIENT */;
/*!40101 SET CHARACTER_SET_RESULTS=@OLD_CHARACTER_SET_RESULTS */;
/*!40101 SET COLLATION_CONNECTION=@OLD_COLLATION_CONNECTION */;
